ecom_id,full_name,email,created_date
ECOM-00001,Joshua Walker,ndavis@hotmail.com,2025-08-25
ECOM-00002,Anthony Gonzalez,lauren10@gmail.com,2024-05-16
ECOM-00003,Lisa Smith,hayesjeffrey@hotmail.com,2026-04-07
ECOM-00004,Linda Wolfe,acostaregina@hotmail.com,2024-12-09
ECOM-00005,Matthew Moore,stephen00@yahoo.com,2024-04-12
ECOM-00006,Melanie Munoz,fjones@yahoo.com,2024-11-19
ECOM-00007,Amanda Dudley,oscar98@yahoo.com,2025-02-12
ECOM-00008,Janet Williams,maria66@hotmail.com,2024-01-25
ECOM-00009,Jeremy Roberts,edwardslarry@yahoo.com,2025-04-20
ECOM-00010,Christopher Hall,stephanie71@gmail.com,2025-08-21
ECOM-00011,Craig Ramirez,daviscolin@hotmail.com,2024-07-12
ECOM-00012,Mitchell Clark,elizabeth65@hotmail.com,2024-06-12
ECOM-00013,Leslie Adams,kchavez@yahoo.com,2025-05-17
ECOM-00014,Nancy Edwards,moorekaren@gmail.com,2026-02-22
ECOM-00015,Anna Baker,reeddaniel@hotmail.com,2025-05-07
ECOM-00016,Chris Williams,ythompson@hotmail.com,2025-04-13
ECOM-00017,Bryan James,stevenschristian@yahoo.com,2026-05-08
ECOM-00018,Joseph Davidson,zwarren@yahoo.com,2025-10-14
ECOM-00019,Daniel Graham,jeffrey21@hotmail.com,2024-07-19
ECOM-00020,Vincent White,jessica23@gmail.com,2024-11-23
ECOM-00021,Chelsea Hernandez,wwebster@hotmail.com,2024-09-04
ECOM-00022,Kimberly Moreno,michelle52@yahoo.com,2025-05-25
ECOM-00023,Natalie Arroyo,newmantiffany@gmail.com,2025-04-20
ECOM-00024,Chad Hodges,marcalvarez@gmail.com,2025-06-06
ECOM-00025,Katie Anderson,hayeslisa@yahoo.com,2024-02-07
ECOM-00026,Joseph Brennan,hritter@hotmail.com,2024-05-15
ECOM-00027,Rodney Lewis,michaelhardin@yahoo.com,2024-07-11
ECOM-00028,Amber Blair,rschroeder@hotmail.com,2025-10-25
ECOM-00029,James Collins,mccormickdeborah@gmail.com,2024-06-12
ECOM-00030,Wanda Santos,cody64@yahoo.com,2025-12-02
ECOM-00031,David Walker,collinsnicholas@yahoo.com,2025-12-21
ECOM-00032,Michele Jones,ericphillips@gmail.com,2026-01-02
ECOM-00033,Jason Anderson,carlamoore@gmail.com,2025-02-08
ECOM-00034,Selena Duncan,jenniferwilliams@yahoo.com,2025-01-11
ECOM-00035,Thomas Mueller,tarabishop@hotmail.com,2025-06-25
ECOM-00036,Collin Jordan,mmckee@yahoo.com,2025-01-10
ECOM-00037,Scott Callahan,brooksanthony@gmail.com,2025-10-08
ECOM-00038,Andrea Williams,ihorton@hotmail.com,2026-01-09
ECOM-00039,Melinda Martin,srodriguez@gmail.com,2026-07-04
ECOM-00040,Richard Brown,david36@hotmail.com,2026-02-09
ECOM-00041,Joseph Bowers,chenbailey@hotmail.com,2026-01-12
ECOM-00042,Sue Cowan,myerstheodore@hotmail.com,2026-05-18
ECOM-00043,Eric Phillips,kellycarlos@gmail.com,2025-08-05
ECOM-00044,Amy Adkins,mariacohen@hotmail.com,2025-12-07
ECOM-00045,Eric Yu,james30@yahoo.com,2024-01-17
ECOM-00046,Christopher Lopez,zachary87@yahoo.com,2025-06-07
ECOM-00047,Brooke Leonard,mullinsjames@yahoo.com,2025-04-19
ECOM-00048,James Moran,amymorris@gmail.com,2024-03-22
ECOM-00049,Leslie Walton,wwilliams@hotmail.com,2026-05-01
ECOM-00050,Charles Ellis,yhill@gmail.com,2025-10-22
ECOM-00051,Joseph Mahoney,ejohnson@gmail.com,2024-02-21
ECOM-00052,Nicole Suarez,erikarush@yahoo.com,2024-07-23
ECOM-00053,Cheryl Archer,fitzgeraldvictor@yahoo.com,2025-09-29
ECOM-00054,Dennis Wilson,rachelwallace@gmail.com,2025-04-02
ECOM-00055,Dan Tran,patricia22@yahoo.com,2025-05-08
ECOM-00056,Joseph Jacobs,davidharris@gmail.com,2026-01-14
ECOM-00057,Cynthia Baker,tanner82@hotmail.com,2024-06-29
ECOM-00058,Dana Green,howens@yahoo.com,2025-03-10
ECOM-00059,Joyce Arnold,nataliedeleon@hotmail.com,2024-08-13
ECOM-00060,Charles Ware,guerraapril@yahoo.com,2025-05-03
ECOM-00061,Earl Anderson,brittanycarpenter@gmail.com,2024-07-21
ECOM-00062,Kyle Nolan,megan90@gmail.com,2024-12-17
ECOM-00063,Laura Valencia,williamsdarlene@hotmail.com,2026-05-19
ECOM-00064,Rachel Clark,debra96@hotmail.com,2024-12-29
ECOM-00065,John Garcia,timothy64@yahoo.com,2025-09-22
ECOM-00066,Richard Oliver,vmarshall@hotmail.com,2026-03-08
ECOM-00067,Angel Doyle,theresa25@hotmail.com,2024-08-16
ECOM-00068,Martin Galvan,floressteven@yahoo.com,2024-05-18
ECOM-00069,Leah Shields,sonia96@gmail.com,2025-03-16
ECOM-00070,Lisa Adams,lisapeck@hotmail.com,2025-08-13
ECOM-00071,Jeffrey Velasquez,tjimenez@yahoo.com,2025-10-31
ECOM-00072,Steven Torres,troy74@hotmail.com,2025-09-16
ECOM-00073,Mark Lin,booneryan@yahoo.com,2025-05-26
ECOM-00074,Sheila Wilson,hudsonjames@hotmail.com,2025-01-06
ECOM-00075,Sydney Baker,theresalong@yahoo.com,2024-04-30
ECOM-00076,Daniel Hamilton,kari39@hotmail.com,2025-05-09
ECOM-00077,Jonathan Fletcher,sarah52@yahoo.com,2024-09-30
ECOM-00078,Aaron Frost,brittney88@hotmail.com,2025-11-06
ECOM-00079,Michael Jones,richardsonemily@yahoo.com,2025-12-27
ECOM-00080,Jennifer Evans,tammy99@gmail.com,2024-10-18
ECOM-00081,Kyle Ortiz,rhernandez@gmail.com,2025-10-19
ECOM-00082,Richard Phillips,armstrongjackie@gmail.com,2025-06-12
ECOM-00083,David Fisher,alexanderrobert@yahoo.com,2024-09-16
ECOM-00084,Diana Marshall,sue78@yahoo.com,2025-06-12
ECOM-00085,Laura Jackson,ann44@gmail.com,2025-09-04
ECOM-00086,Christopher Robertson,zhuang@yahoo.com,2025-08-21
ECOM-00087,Loretta Potter,kellyroberts@hotmail.com,2025-07-14
ECOM-00088,Robert Soto,briangutierrez@hotmail.com,2025-04-07
ECOM-00089,James Horton,oconnelltiffany@gmail.com,2025-08-17
ECOM-00090,Troy Sanchez,edelgado@yahoo.com,2024-06-13
ECOM-00091,Diana Smith,katelynmitchell@yahoo.com,2024-11-12
ECOM-00092,Karen Carrillo,velezchristopher@hotmail.com,2026-04-14
ECOM-00093,Daniel Coleman,amandasharp@gmail.com,2025-12-13
ECOM-00094,April Williams,robertmonroe@gmail.com,2025-09-10
ECOM-00095,John Charles,lfrench@hotmail.com,2025-11-25
ECOM-00096,Caitlin Dodson,ismall@hotmail.com,2025-07-12
ECOM-00097,Jen Wagner,francisco74@hotmail.com,2025-07-09
ECOM-00098,Phyllis Manning,gregorychase@yahoo.com,2025-09-03
ECOM-00099,John Walsh,lopezdonald@yahoo.com,2025-11-06
ECOM-00100,Courtney Hill,adamreyes@yahoo.com,2024-11-09
ECOM-00101,Chris Mitchell,stephanie49@hotmail.com,2025-01-26
ECOM-00102,Joseph Flores,greenmichael@gmail.com,2024-07-13
ECOM-00103,Jesse Benson,tparks@yahoo.com,2024-09-09
ECOM-00104,Rick Daniels,fowlershelia@yahoo.com,2024-03-23
ECOM-00105,Robert Stein,jeffreyanderson@gmail.com,2025-04-11
ECOM-00106,Omar Smith,kathleenbecker@hotmail.com,2025-01-27
ECOM-00107,Matthew Shelton,hansenemily@yahoo.com,2024-11-17
ECOM-00108,Phillip Elliott,weaverbrian@gmail.com,2024-01-23
ECOM-00109,Anthony Day,ajohnson@gmail.com,2024-09-30
ECOM-00110,Derek Murray,katiegood@hotmail.com,2025-07-26
ECOM-00111,Brent Gray,ybrooks@yahoo.com,2025-08-27
ECOM-00112,Kathleen Gray,desireebailey@gmail.com,2026-06-02
ECOM-00113,Karen Decker,urice@gmail.com,2025-11-07
ECOM-00114,Debra Harrington,opatel@gmail.com,2024-09-18
ECOM-00115,David Caldwell,allencarlos@hotmail.com,2025-04-17
ECOM-00116,Anne Robinson,griffinemily@gmail.com,2025-01-23
ECOM-00117,Holly Wang,joymorales@gmail.com,2024-03-08
ECOM-00118,Gary Lawson,karenparsons@gmail.com,2025-10-04
ECOM-00119,Dan Johnson,dturner@hotmail.com,2025-11-08
ECOM-00120,Susie Sanders,ufloyd@hotmail.com,2025-12-20
ECOM-00121,David Riggs,nielsenmelanie@gmail.com,2025-10-10
ECOM-00122,Kimberly Reed,brettbennett@hotmail.com,2025-10-13
ECOM-00123,Melissa Short,burgesskaren@gmail.com,2024-09-01
ECOM-00124,Daniel Yu,oscar85@yahoo.com,2026-01-12
ECOM-00125,Cynthia Poole,ugill@gmail.com,2025-11-08
ECOM-00126,Jasmine Graham,lawrence09@gmail.com,2026-03-09
ECOM-00127,Jessica Sheppard,allentran@hotmail.com,2026-07-03
ECOM-00128,Amanda Webb,noahwhitaker@yahoo.com,2024-03-02
ECOM-00129,Steven Bishop,iwhite@hotmail.com,2024-11-26
ECOM-00130,Jason Salinas,duranrobert@hotmail.com,2024-07-16
ECOM-00131,Matthew Beard,carloshernandez@gmail.com,2025-05-14
ECOM-00132,Hannah Brewer,amanda40@hotmail.com,2025-11-09
ECOM-00133,Travis Mcguire,ldrake@gmail.com,2025-02-16
ECOM-00134,Alyssa Coleman,susan79@gmail.com,2025-01-30
ECOM-00135,John Martinez,abrown@hotmail.com,2025-02-17
ECOM-00136,Jacob Robinson,jasonparrish@hotmail.com,2026-07-04
ECOM-00137,Todd Hardy,enelson@hotmail.com,2025-04-23
ECOM-00138,Tiffany Warren,rachel90@gmail.com,2026-02-26
ECOM-00139,Justin Garcia,alexis39@gmail.com,2026-06-25
ECOM-00140,Miranda Henry,anthony47@yahoo.com,2024-04-27
ECOM-00141,Taylor Alexander,michaelpugh@yahoo.com,2025-10-30
ECOM-00142,Lynn Morales,eringuerrero@gmail.com,2025-07-31
ECOM-00143,Charles Soto,lauren11@yahoo.com,2025-08-23
ECOM-00144,Brian Hernandez,normanbowers@gmail.com,2025-12-11
ECOM-00145,Anna Torres,gstewart@gmail.com,2025-10-14
ECOM-00146,Victoria Wilson,hahnsean@yahoo.com,2025-01-24
ECOM-00147,Kathy Obrien,andersonjacob@yahoo.com,2025-02-10
ECOM-00148,Scott Dalton,carterpaul@gmail.com,2025-12-30
ECOM-00149,Jared Clark,bryanhamilton@yahoo.com,2025-03-30
ECOM-00150,Brittney Carter,stephentaylor@gmail.com,2025-08-27
ECOM-00151,Jesse Mann,ncook@yahoo.com,2024-06-18
ECOM-00152,Jacqueline Gibson,scott69@gmail.com,2024-12-10
ECOM-00153,Grace Bradshaw,malik37@yahoo.com,2025-08-02
ECOM-00154,Keith Martinez,samuelcarter@hotmail.com,2025-09-13
ECOM-00155,Haley Lyons,fuenteslaura@yahoo.com,2024-05-02
ECOM-00156,Troy Miller,donna66@gmail.com,2025-08-01
ECOM-00157,Marcus Wright,rodriguezjohn@hotmail.com,2024-07-24
ECOM-00158,Mary Johnston,smithjonathan@hotmail.com,2025-12-02
ECOM-00159,Stephanie Key,seanmyers@hotmail.com,2024-10-28
ECOM-00160,Billy Avila,robert11@hotmail.com,2026-04-20
ECOM-00161,Thomas Pearson,michaelcooper@gmail.com,2025-02-03
ECOM-00162,Travis Davis,johnsonmatthew@gmail.com,2025-06-14
ECOM-00163,Mark Steele,zhall@hotmail.com,2024-11-04
ECOM-00164,Keith Landry,jacobsandoval@yahoo.com,2026-04-19
ECOM-00165,Lisa Pierce,mclaughlinnicole@yahoo.com,2025-06-16
ECOM-00166,Shawn Edwards,tprice@gmail.com,2026-03-08
ECOM-00167,Marcus Cordova,joshuapadilla@gmail.com,2026-03-08
ECOM-00168,Kathleen Harris,michael79@gmail.com,2025-08-12
ECOM-00169,Chelsea Allen,nathanielthomas@yahoo.com,2026-07-04
ECOM-00170,Eric Pierce,kcarlson@yahoo.com,2026-06-11
ECOM-00171,Andrea Davis,olopez@hotmail.com,2024-06-08
ECOM-00172,Victoria Durham,angelaburns@gmail.com,2026-03-07
ECOM-00173,Steven Wilson,leonardhayes@gmail.com,2024-05-31
ECOM-00174,Jennifer Hicks,gmaynard@hotmail.com,2025-10-10
ECOM-00175,Tina Sanchez,fburns@hotmail.com,2024-03-24
ECOM-00176,Andrea Reyes,flynnjeffrey@gmail.com,2025-10-16
ECOM-00177,Sandra Romero,jeffrey42@yahoo.com,2026-03-30
ECOM-00178,Robert Villa,adamsamy@yahoo.com,2024-12-07
ECOM-00179,William Hoover,wolfscott@gmail.com,2025-12-13
ECOM-00180,Brenda Duarte,nancy07@yahoo.com,2024-09-27
ECOM-00181,Tracy Hernandez,michelle17@gmail.com,2025-11-21
ECOM-00182,Amanda Reed,jasonrojas@hotmail.com,2026-05-28
ECOM-00183,Stanley Morris,kristenli@gmail.com,2024-05-13
ECOM-00184,Elizabeth Hoover,rsellers@hotmail.com,2024-05-05
ECOM-00185,Benjamin Shaw,maria67@gmail.com,2024-01-15
ECOM-00186,Brittany Kane,courtney67@gmail.com,2025-12-19
ECOM-00187,Alicia Bryant,shawn75@hotmail.com,2025-05-10
ECOM-00188,Jennifer Ortiz,meltonmelanie@gmail.com,2024-03-19
ECOM-00189,Terrance Costa,flynnraymond@yahoo.com,2026-02-06
ECOM-00190,Debra Christian,ksmith@yahoo.com,2024-04-08
ECOM-00191,Jennifer Malone,penajohn@yahoo.com,2026-06-16
ECOM-00192,Casey Welch,brettgarrett@hotmail.com,2025-02-04
ECOM-00193,Julie Hamilton,aprilwallace@gmail.com,2024-03-29
ECOM-00194,Corey Schultz,lisa62@yahoo.com,2026-05-21
ECOM-00195,Monique Wallace,perezchristopher@gmail.com,2026-03-29
ECOM-00196,Brandon Flynn,caseyelliott@hotmail.com,2025-12-20
ECOM-00197,John Durham,bbell@yahoo.com,2025-05-22
ECOM-00198,Jonathan Scott,johnnewman@gmail.com,2025-06-13
ECOM-00199,Rachel Byrd,troyrodriguez@yahoo.com,2026-06-14
ECOM-00200,Michael Matthews,david96@yahoo.com,2025-04-15
ECOM-00201,Timothy Young,courtney86@yahoo.com,2024-06-25
ECOM-00202,Ashley Andrews,imiller@hotmail.com,2025-01-21
ECOM-00203,Tiffany Barrett,terrimoore@yahoo.com,2026-04-17
ECOM-00204,Brandon Obrien,collinssamuel@gmail.com,2025-05-29
ECOM-00205,Justin Lindsey,dsalazar@yahoo.com,2024-03-03
ECOM-00206,Catherine Gomez,davidzimmerman@hotmail.com,2025-07-18
ECOM-00207,Erica Le,gary24@hotmail.com,2024-09-13
ECOM-00208,Donna Massey,wiseanthony@yahoo.com,2024-03-16
ECOM-00209,Debbie Parker,alexandria49@hotmail.com,2024-08-23
ECOM-00210,Scott Riley,crawfordwilliam@gmail.com,2024-12-01
ECOM-00211,Kenneth Burgess,jonathangarcia@hotmail.com,2026-01-28
ECOM-00212,Maria Scott,joseph19@yahoo.com,2024-11-13
ECOM-00213,Makayla Olson,lindajarvis@yahoo.com,2026-06-20
ECOM-00214,Lindsay Francis,wileymichelle@yahoo.com,2025-04-25
ECOM-00215,Matthew Wilson,christopher70@yahoo.com,2026-04-20
ECOM-00216,Tammy Dalton,jessicapayne@gmail.com,2025-01-17
ECOM-00217,Tammy Ballard,adamortiz@gmail.com,2024-06-28
ECOM-00218,Anna Herman,stephen19@gmail.com,2024-08-30
ECOM-00219,Madison Blankenship,grahamtamara@gmail.com,2024-06-29
ECOM-00220,Kevin Ortiz,louis43@gmail.com,2025-07-08
ECOM-00221,Donald Shah,derekcarrillo@gmail.com,2025-01-07
ECOM-00222,Kevin Vasquez,danielcole@yahoo.com,2026-05-01
ECOM-00223,Derek Chavez,qparker@gmail.com,2025-12-05
ECOM-00224,Tracy Russell,dawsontanya@yahoo.com,2024-04-13
ECOM-00225,Stephanie Foley,codygarcia@gmail.com,2026-02-21
