pos_record_id,name,phone,email,store_signed_up,created_date
POS-00001,Danielle Johnson,(494) 278-2479,,Madison Ave,2024-02-14
POS-00002,Joshua Walker,,pollardmichael@hotmail.com,Madison Ave,2025-09-27
POS-00003,Joshua Walker,,bruce43@gmail.com,Madison Ave,2026-02-02
POS-00004,Kathryn Miller,(243) 660-4084,williamsmatthew@gmail.com,Flatiron,2026-03-27
POS-00005,Kate Miller,,caseyhubbard@gmail.com,Flatiron,2025-12-05
POS-00006,Patricia Miller,(264) 661-2695,,SoHo,2025-06-03
POS-00007,Robert Johnson,(552) 931-2381,lisahall@gmail.com,SoHo,2026-04-16
POS-00008,Jeffery Wagner,,ramireztracey@gmail.com,Flatiron,2025-06-06
POS-00009,Anthony Gonzalez,,lauren10@gmail.com,Madison Ave,2024-02-16
POS-00010,Debra Gardner,(737) 735-3600,howardkristina@hotmail.com,Flatiron,2025-03-30
POS-00011,Jeffrey Lawrence,,alfred40@gmail.com,Bleecker,2025-01-13
POS-00012,Lisa Smith,,vfox@gmail.com,SoHo,2024-10-22
POS-00013,Lisa Smith,(254) 846-6482,xwest@hotmail.com,SoHo,2025-02-15
POS-00014,Susan Rogers,(491) 458-3463,gsimmons@yahoo.com,Madison Ave,2025-07-31
POS-00015,Christopher Davis,(880) 344-6731,,Bleecker,2024-12-13
POS-00016,Lindsay Blair,(602) 332-2388,cameronhill@hotmail.com,Flatiron,2025-11-08
POS-00017,Amanda Dudley,(859) 536-3093,oscar98@yahoo.com,Madison Ave,2024-11-19
POS-00018,Nicholas Arnold,(957) 901-9624,bwagner@gmail.com,SoHo,2025-12-26
POS-00019,Maria Montgomery,,farrelldebra@hotmail.com,SoHo,2024-04-11
POS-00020,Michelle Ray,,russellbeasley@yahoo.com,Madison Ave,2025-03-15
POS-00021,Jeremy Roberts,(385) 419-6598,edwardslarry@yahoo.com,SoHo,2025-01-12
POS-00022,Christopher Hall,(341) 358-2264,,Flatiron,2025-05-18
POS-00023,Craig Ramirez,,daviscolin@hotmail.com,SoHo,2024-04-19
POS-00024,Cynthia Diaz,(833) 334-7172,lisa80@hotmail.com,Flatiron,2024-12-16
POS-00025,Joseph Zuniga,(910) 989-3712,,Bleecker,2024-06-21
POS-00026,Joe Zuniga,(444) 654-5668,uparrish@gmail.com,Bleecker,2024-11-10
POS-00027,Deborah Lynch,(660) 439-9749,caroline51@hotmail.com,Bleecker,2026-02-15
POS-00028,Debbie Lynch,(399) 576-8218,ericolson@gmail.com,Bleecker,2026-05-17
POS-00029,George Daniel,(592) 714-9641,megan51@yahoo.com,Flatiron,2025-04-23
POS-00030,Frank Gray,(405) 819-3267,lindsaybruce@hotmail.com,Flatiron,2025-03-10
POS-00031,Frank Gray,(693) 580-2680,,Flatiron,2025-06-12
POS-00032,Veronica Bowman,(492) 285-3626,lynchdiane@hotmail.com,Bleecker,2025-06-18
POS-00033,Angela Cohen,,anthony44@yahoo.com,SoHo,2024-10-12
POS-00034,Angela Cohen,(648) 293-4637,,SoHo,2025-03-22
POS-00035,Megan Parsons,(625) 254-7495,adam29@hotmail.com,Flatiron,2024-12-29
POS-00036,Jeremy Johnson,,vjones@hotmail.com,Madison Ave,2025-06-04
POS-00037,Leslie Adams,(584) 429-1461,davisalyssa@yahoo.com,SoHo,2025-02-05
POS-00038,Jason Hahn,(866) 543-3392,jennifer99@gmail.com,SoHo,2024-04-17
POS-00039,Jason Hahn,(684) 912-3273,,SoHo,2024-06-21
POS-00040,Diana Foster,,nelsonebony@yahoo.com,Flatiron,2025-12-29
POS-00041,Robin Ellis,(282) 219-5193,,SoHo,2025-09-28
POS-00042,Joseph Wright,(762) 944-9647,nperry@hotmail.com,Flatiron,2024-08-14
POS-00043,Anna Baker,,reeddaniel@hotmail.com,Flatiron,2025-03-15
POS-00044,Anna Baker,(325) 248-4906,,Flatiron,2025-06-26
POS-00045,Brenda Hurst,(669) 264-2816,trose@gmail.com,Flatiron,2025-10-22
POS-00046,Brenda Hurst,,randallgreene@gmail.com,Flatiron,2026-03-28
POS-00047,Reginald Robinson,,kevinclark@gmail.com,Bleecker,2024-01-23
POS-00048,Whitney Hicks,(348) 498-8032,,Flatiron,2025-08-17
POS-00049,Christopher Williams,,keith10@yahoo.com,Bleecker,2024-01-08
POS-00050,Daniel Burton,(737) 569-2108,vincentwhitaker@yahoo.com,Madison Ave,2025-11-17
POS-00051,Laura Henderson,,sandersjudy@yahoo.com,SoHo,2025-06-28
POS-00052,Bryan James,,stevenschristian@yahoo.com,SoHo,2026-03-22
POS-00053,Bryan James,(245) 850-7338,tberry@hotmail.com,SoHo,2025-11-13
POS-00054,Wendy Rice,(566) 269-6649,zroberts@gmail.com,Madison Ave,2024-09-22
POS-00055,Tasha Valencia,(844) 306-6447,george97@hotmail.com,Bleecker,2024-09-09
POS-00056,Alexander Le,(760) 546-3868,,SoHo,2024-05-22
POS-00057,Erin Herrera,(676) 912-8840,christopher13@yahoo.com,Bleecker,2026-05-06
POS-00058,Daniel Graham,,jeffrey21@hotmail.com,Bleecker,2024-07-11
POS-00059,Shawn Mckay,(669) 237-5807,schmidtjames@yahoo.com,Madison Ave,2026-01-09
POS-00060,Nancy Baker,(405) 242-6170,,Madison Ave,2024-07-31
POS-00061,Vincent White,(757) 684-5150,jessica23@gmail.com,Bleecker,2024-11-19
POS-00062,Rita Harrell,,jonathanthompson@gmail.com,Flatiron,2026-02-16
POS-00063,Rita Harrell,,thompsonkendra@yahoo.com,Flatiron,2026-05-30
POS-00064,Kenneth Fowler,(872) 539-5476,,Madison Ave,2026-03-16
POS-00065,Chelsea Hernandez,(648) 609-8204,wwebster@hotmail.com,Flatiron,2024-05-13
POS-00066,Kathryn Ryan,(392) 708-9151,,Flatiron,2025-02-05
POS-00067,Kimberly Moreno,(732) 473-2353,kmaldonado@hotmail.com,Bleecker,2025-01-17
POS-00068,Aaron Nguyen,,harrisoncrystal@yahoo.com,Flatiron,2024-03-27
POS-00069,Andrew Hickman,(501) 528-2680,,Flatiron,2026-04-28
POS-00070,Natasha Decker,(503) 513-8305,,Flatiron,2024-03-28
POS-00071,Kyle Brown,(371) 906-8272,bellcharles@yahoo.com,Bleecker,2025-09-15
POS-00072,Natalie Arroyo,,xjohnson@yahoo.com,Bleecker,2024-12-31
POS-00073,Christopher Tucker,(482) 854-1939,jford@hotmail.com,Madison Ave,2025-09-27
POS-00074,Chad Hodges,(616) 572-9406,colelisa@hotmail.com,Madison Ave,2024-03-23
POS-00075,Thomas Pierce,(895) 648-1570,wagnergerald@gmail.com,Bleecker,2024-06-01
POS-00076,Rodney Lewis,(861) 575-6933,,Flatiron,2024-03-15
POS-00077,Amber Blair,,rschroeder@hotmail.com,Madison Ave,2025-08-09
POS-00078,Samuel Holmes,(581) 654-2259,mathewaguilar@gmail.com,Flatiron,2025-04-11
POS-00079,Sammy Holmes,,kyle62@hotmail.com,Flatiron,2025-10-04
POS-00080,David Walker,(456) 316-1424,collinsnicholas@yahoo.com,Bleecker,2025-11-02
POS-00081,David Walker,,elizabethcalderon@hotmail.com,Madison Ave,2024-07-02
POS-00082,Matthew Chapman,(467) 920-8311,,Flatiron,2025-08-04
POS-00083,Jerry Robinson,(493) 910-9047,lucasrodney@yahoo.com,SoHo,2024-08-13
POS-00084,Jerry Robinson,(276) 662-3828,,SoHo,2024-11-02
POS-00085,Chad Welch,,coxhenry@gmail.com,Flatiron,2026-01-06
POS-00086,Jeremy Whitehead,(528) 883-6692,stacey73@gmail.com,Flatiron,2024-04-05
POS-00087,John Caldwell,,stanleynancy@hotmail.com,Bleecker,2024-03-13
POS-00088,Jason Anderson,(362) 928-3852,carlamoore@gmail.com,Flatiron,2024-10-30
POS-00089,Thomas Mueller,,tarabishop@hotmail.com,SoHo,2025-06-10
POS-00090,Lindsey Lee,(443) 705-1430,pyoung@yahoo.com,Bleecker,2024-07-30
POS-00091,Rodney Owens,,smurray@yahoo.com,Flatiron,2025-07-27
POS-00092,Jessica Nunez,(765) 332-2412,mburch@hotmail.com,Bleecker,2025-04-29
POS-00093,Jessica Nunez,,moniquewilliams@yahoo.com,SoHo,2026-03-11
POS-00094,Tracey Garcia,(739) 620-7708,angela18@gmail.com,SoHo,2026-01-10
POS-00095,Richard Morgan,,christopher24@yahoo.com,Flatiron,2026-04-29
POS-00096,Michelle Wright,(858) 275-8372,mariahdavis@gmail.com,Madison Ave,2024-05-14
POS-00097,Michelle Wright,(553) 331-3981,bwilkerson@yahoo.com,Madison Ave,2024-10-10
POS-00098,James West,(644) 714-1907,sandersnathaniel@yahoo.com,SoHo,2026-03-03
POS-00099,Robert Ramirez,(357) 511-3697,,Bleecker,2026-05-07
POS-00100,Rob Ramirez,(732) 490-2292,,Bleecker,2026-02-25
POS-00101,John Leblanc,(765) 481-3050,,SoHo,2024-09-19
POS-00102,Andrea Williams,,lacey20@yahoo.com,SoHo,2024-11-12
POS-00103,Yvette Huff,,awest@gmail.com,Madison Ave,2025-06-04
POS-00104,Tanya House,(358) 375-6531,scottmary@hotmail.com,Bleecker,2025-09-04
POS-00105,Melinda Martin,,srodriguez@gmail.com,Bleecker,2026-05-18
POS-00106,Todd Lewis,(247) 856-5336,,Bleecker,2026-06-09
POS-00107,Richard Brown,,david36@hotmail.com,Flatiron,2025-11-03
POS-00108,Nicholas Galloway,,fbrown@hotmail.com,Bleecker,2025-08-14
POS-00109,Joseph Bowers,,chenbailey@hotmail.com,Bleecker,2025-10-22
POS-00110,Joseph Bowers,,kellysmith@yahoo.com,Bleecker,2026-03-28
POS-00111,Spencer Henderson,,ashleylopez@hotmail.com,Madison Ave,2024-11-11
POS-00112,Susan Cowan,(616) 504-8430,millsmichael@hotmail.com,Flatiron,2026-04-10
POS-00113,Angela Higgins,,qzavala@hotmail.com,Flatiron,2025-04-01
POS-00114,Eric Phillips,(822) 347-6121,,SoHo,2025-04-26
POS-00115,Tanya Riley,(554) 608-3142,ingramjill@yahoo.com,Flatiron,2026-01-27
POS-00116,Tanya Riley,,bradleypayne@hotmail.com,Flatiron,2026-05-31
POS-00117,Amy Adkins,(678) 325-5382,,Flatiron,2024-04-24
POS-00118,Amy Adkins,(252) 497-7293,,Madison Ave,2025-06-13
POS-00119,Brian Silva,(364) 535-6123,,Madison Ave,2025-03-10
POS-00120,Wesley Farrell,(711) 727-8648,zwelch@gmail.com,Bleecker,2024-07-19
POS-00121,Eric Yu,(710) 223-2475,baldwinsherry@gmail.com,Flatiron,2025-05-31
POS-00122,Joe Wilson,(562) 249-1828,,Flatiron,2024-09-09
POS-00123,Joseph Wilson,(209) 310-8060,,Flatiron,2024-12-20
POS-00124,Pamela Sanchez,(983) 612-6995,glennmartin@gmail.com,Flatiron,2024-10-03
POS-00125,Brooke Harvey,,samuel67@yahoo.com,Madison Ave,2024-02-22
POS-00126,Robert Silva,,terri77@yahoo.com,SoHo,2025-08-12
POS-00127,Alexandra Donovan,,laurie61@yahoo.com,SoHo,2025-01-12
POS-00128,John Foster,,donna47@hotmail.com,Flatiron,2025-02-05
POS-00129,Emily Evans,,cjackson@yahoo.com,Bleecker,2026-02-27
POS-00130,Charles Ellis,,yhill@gmail.com,Bleecker,2025-10-06
POS-00131,Yolanda Ferrell,,lambertrichard@hotmail.com,SoHo,2024-04-15
POS-00132,Yolanda Ferrell,,stephaniethomas@hotmail.com,SoHo,2024-08-09
POS-00133,Charles Lewis,(722) 611-9193,,Flatiron,2024-06-02
POS-00134,Joseph Mahoney,,ejohnson@gmail.com,Flatiron,2024-02-17
POS-00135,Nicole Suarez,(686) 731-8487,michael90@hotmail.com,Madison Ave,2024-05-26
POS-00136,Mike Moore,(344) 535-6218,khines@gmail.com,Flatiron,2025-09-18
POS-00137,Martha Warner,,raymond43@gmail.com,SoHo,2024-06-21
POS-00138,Destiny Smith,(808) 544-9311,greenjorge@yahoo.com,Bleecker,2026-02-02
POS-00139,Lisa Evans,,wendymitchell@yahoo.com,Flatiron,2026-05-04
POS-00140,Elizabeth Mcmillan,(507) 686-1272,davidfarrell@yahoo.com,Bleecker,2025-05-22
POS-00141,Dennis Wilson,(890) 312-7824,rachelwallace@gmail.com,Madison Ave,2025-01-18
POS-00142,Daniel Tran,(943) 904-1436,elizabeth18@hotmail.com,Flatiron,2024-11-17
POS-00143,Jennifer Harris,,kristyjohnson@hotmail.com,Madison Ave,2024-02-28
POS-00144,Tracy Whitehead,,jonesraymond@hotmail.com,Bleecker,2025-06-26
POS-00145,Meghan Davis,(590) 351-4968,xfox@yahoo.com,Flatiron,2025-10-02
POS-00146,Rodney Hill,,martinezlogan@gmail.com,Bleecker,2024-02-08
POS-00147,Adam Wise,(220) 651-6139,,Madison Ave,2025-12-24
POS-00148,Joyce Arnold,(908) 408-7723,nataliedeleon@hotmail.com,Flatiron,2024-06-10
POS-00149,Ronald Smith,,katrinaanderson@hotmail.com,SoHo,2026-03-10
POS-00150,Rebecca Gardner,(945) 263-3262,fernandodonovan@gmail.com,Flatiron,2026-06-18
POS-00151,Becky Gardner,(690) 738-7173,stacey84@gmail.com,Flatiron,2026-01-07
POS-00152,Mary Aguilar,(551) 759-6804,james84@gmail.com,SoHo,2025-04-21
POS-00153,Mary Aguilar,,christina18@hotmail.com,SoHo,2025-07-27
POS-00154,Kyle Nolan,(506) 430-5876,,Flatiron,2024-09-15
POS-00155,Laura Valencia,(922) 700-6194,,SoHo,2025-12-28
POS-00156,John Garcia,(939) 480-5715,jimenezcourtney@yahoo.com,SoHo,2025-08-02
POS-00157,Kimberly Henson,(589) 604-6654,barkereric@yahoo.com,Madison Ave,2025-08-16
POS-00158,Eric Spears,(244) 494-2294,,Madison Ave,2026-04-09
POS-00159,Michelle Cherry,(872) 462-8849,larryhiggins@hotmail.com,Madison Ave,2024-12-26
POS-00160,Lisa Keith,(752) 477-5450,,SoHo,2024-08-13
POS-00161,Angel Doyle,(959) 800-4920,,Bleecker,2024-05-26
POS-00162,Martin Galvan,,floressteven@yahoo.com,Madison Ave,2024-02-27
POS-00163,Leah Shields,(624) 538-8739,,Madison Ave,2024-09-01
POS-00164,Leah Shields,(341) 205-3587,gwright@gmail.com,Madison Ave,2024-10-26
POS-00165,Lisa Adams,,lisapeck@hotmail.com,Madison Ave,2025-05-09
POS-00166,Kristin Rodriguez,(862) 260-2465,,Bleecker,2024-10-27
POS-00167,Monica Garrison,,james27@hotmail.com,Bleecker,2025-11-04
POS-00168,Jeffrey Velasquez,,tjimenez@yahoo.com,Madison Ave,2025-07-07
POS-00169,Steven Torres,,davisphillip@yahoo.com,Bleecker,2024-07-04
POS-00170,Steven Torres,(607) 707-4052,jasongomez@gmail.com,Madison Ave,2025-06-14
POS-00171,Laura Perez,(782) 817-2758,,Bleecker,2024-02-14
POS-00172,Andrew Lee,(857) 756-9590,,Bleecker,2024-12-15
POS-00173,Tammy Ramirez,(680) 479-4159,kathryn50@yahoo.com,Madison Ave,2024-05-23
POS-00174,Darlene Ross,(367) 948-8518,,Bleecker,2026-04-14
POS-00175,Tina Herrera,(391) 214-6523,,Flatiron,2025-10-31
POS-00176,Sheila Wilson,(891) 975-4164,,SoHo,2026-03-26
POS-00177,Tara White,(616) 637-9442,charles87@hotmail.com,SoHo,2025-09-23
POS-00178,Tara White,,marcia99@gmail.com,Madison Ave,2024-09-05
POS-00179,Sydney Baker,,theresalong@yahoo.com,Bleecker,2024-04-13
POS-00180,Jessica Edwards,(207) 467-7284,cporter@gmail.com,Bleecker,2024-12-03
POS-00181,Catherine Dixon,,jenniferbrock@hotmail.com,SoHo,2024-09-04
POS-00182,Paul Ray,(510) 796-1187,ghernandez@gmail.com,Madison Ave,2024-10-06
POS-00183,Amanda Ball,(264) 883-2936,terickson@yahoo.com,Flatiron,2025-01-09
POS-00184,Judy Lambert,(616) 902-9233,,Flatiron,2025-04-27
POS-00185,Elizabeth Rivera,(321) 854-5833,,Madison Ave,2026-03-05
POS-00186,Lee Charles,,laura09@yahoo.com,Bleecker,2025-01-17
POS-00187,Jennifer Evans,,tammy99@gmail.com,Madison Ave,2024-08-18
POS-00188,Kyle Ortiz,,silvageorge@hotmail.com,SoHo,2024-06-11
POS-00189,Richard Phillips,(976) 750-4578,armstrongjackie@gmail.com,Madison Ave,2025-03-07
POS-00190,Shelby Byrd,(284) 738-8319,roberthampton@yahoo.com,SoHo,2025-12-03
POS-00191,Raven Gilbert,(280) 777-2838,thorntonapril@hotmail.com,Flatiron,2025-06-30
POS-00192,Kevin Kelley,(718) 407-9792,whitney78@yahoo.com,SoHo,2024-03-10
POS-00193,Aaron Mitchell,(733) 652-2904,,Madison Ave,2024-06-08
POS-00194,Russell Carpenter,(798) 700-2489,,SoHo,2025-12-03
POS-00195,Scott Lewis,(665) 335-9409,erica49@yahoo.com,Flatiron,2025-04-07
POS-00196,Thomas Santana,,susanramirez@yahoo.com,Flatiron,2025-03-07
POS-00197,Laura Jackson,,shellyhendrix@yahoo.com,Madison Ave,2024-03-06
POS-00198,Laura Jackson,(606) 460-1049,hannahburns@yahoo.com,SoHo,2025-06-21
POS-00199,Cynthia Rogers,(553) 917-2044,,SoHo,2024-03-21
POS-00200,Emily Walker,(271) 683-1519,reedscott@yahoo.com,Bleecker,2024-03-08
POS-00201,Emily Walker,,ilewis@yahoo.com,Bleecker,2024-06-19
POS-00202,James Johnson,(857) 946-7887,,Flatiron,2026-03-04
POS-00203,John Alvarez,(592) 659-7184,derrick99@gmail.com,Bleecker,2025-01-24
POS-00204,John Alvarez,(878) 752-3178,,Bleecker,2025-05-30
POS-00205,Melissa Jones,(322) 382-9802,brentstein@gmail.com,SoHo,2025-11-06
POS-00206,Robert Soto,,briangutierrez@hotmail.com,Flatiron,2025-02-12
POS-00207,Robert Soto,(506) 674-9920,xgarcia@gmail.com,Flatiron,2025-05-10
POS-00208,James Horton,(436) 453-8546,oconnelltiffany@gmail.com,Flatiron,2025-07-04
POS-00209,Diana Smith,(943) 983-2848,,SoHo,2024-10-15
POS-00210,Daniel Coleman,(830) 984-1256,amandasharp@gmail.com,Bleecker,2025-11-13
POS-00211,Gregory Rubio,(809) 234-8314,,Madison Ave,2024-08-05
POS-00212,Stephen Solis,(451) 958-1724,nancy04@hotmail.com,Bleecker,2025-12-27
POS-00213,Elizabeth Travis,,hebertmatthew@yahoo.com,Flatiron,2025-02-21
POS-00214,Patricia Salazar,(258) 343-9255,znelson@gmail.com,SoHo,2024-08-16
POS-00215,Jennifer Wagner,(950) 789-6224,,Madison Ave,2024-10-29
POS-00216,Jen Wagner,(347) 876-9540,,Madison Ave,2025-04-24
POS-00217,Maria Kelley,,alexisrogers@yahoo.com,Flatiron,2024-03-09
POS-00218,Thomas Green,(842) 895-7999,frobertson@yahoo.com,Bleecker,2026-01-28
POS-00219,John Walsh,(249) 552-7244,lopezdonald@yahoo.com,Flatiron,2025-07-29
POS-00220,Katie Boyd,(627) 618-3444,,Bleecker,2025-06-27
POS-00221,Amber Taylor,,contrerassteven@gmail.com,SoHo,2026-02-17
POS-00222,Jasmine Brown,(925) 347-8586,,Madison Ave,2026-05-25
POS-00223,Rick Daniels,(627) 770-9683,fowlershelia@yahoo.com,Bleecker,2024-03-06
POS-00224,Robert Clark,(409) 538-2295,,Madison Ave,2025-02-07
POS-00225,Brandy Dominguez,,madkins@yahoo.com,Flatiron,2026-05-23
POS-00226,Melissa Cannon,(396) 252-5398,emiles@hotmail.com,Flatiron,2025-07-08
POS-00227,Michael Molina,,foxallison@yahoo.com,Flatiron,2025-11-26
POS-00228,Melissa Ashley,(393) 979-4555,starkdaniel@hotmail.com,Flatiron,2024-02-16
POS-00229,Melissa Ashley,(541) 510-1251,ashleyhernandez@yahoo.com,Madison Ave,2025-04-13
POS-00230,Robert Adkins,(960) 320-8846,nwilson@hotmail.com,Flatiron,2024-08-10
POS-00231,Amy Morrison,(921) 409-7498,gdavis@yahoo.com,Madison Ave,2024-09-11
POS-00232,Jeffrey Robinson,,chavezwilliam@yahoo.com,Madison Ave,2024-09-08
POS-00233,Ryan Johnson,(678) 746-6886,,SoHo,2026-03-11
POS-00234,Richard Martin,,fosterlisa@hotmail.com,Flatiron,2024-09-30
POS-00235,Richard Martin,(940) 680-6246,,Bleecker,2025-12-01
POS-00236,Tanner Anderson,,bethwilliams@yahoo.com,Bleecker,2024-08-02
POS-00237,Cindy Johnson,(427) 959-3390,,SoHo,2025-03-05
POS-00238,Jason Murphy,(503) 356-4214,rbennett@hotmail.com,SoHo,2025-08-22
POS-00239,Kathleen Gray,(784) 451-9180,,SoHo,2024-12-09
POS-00240,Johnny Miller,(982) 700-9037,,SoHo,2025-12-08
POS-00241,Andrew Ryan,(561) 373-3293,,SoHo,2025-04-22
POS-00242,Zoe Bell,,avilatiffany@yahoo.com,SoHo,2026-01-13
POS-00243,Debra Harrington,,opatel@gmail.com,Bleecker,2024-07-13
POS-00244,Denise Webster,(277) 884-1794,rreed@gmail.com,Madison Ave,2024-02-10
POS-00245,Stefanie Gonzalez,(341) 845-4791,,Bleecker,2026-02-27
POS-00246,Andrew Hernandez,(210) 423-9285,johnsondonna@hotmail.com,SoHo,2024-03-16
POS-00247,Holly Wang,(876) 699-1257,joymorales@gmail.com,Bleecker,2024-03-08
POS-00248,Gary Lawson,(213) 217-9673,karenparsons@gmail.com,Bleecker,2025-07-04
POS-00249,Julie Wilson,,jim95@hotmail.com,Flatiron,2024-10-14
POS-00250,Lori Oconnell,(915) 890-8054,,SoHo,2024-10-26
POS-00251,Daniel Johnson,(384) 309-2578,joel28@gmail.com,SoHo,2026-04-11
POS-00252,Larry Byrd,,conniesimmons@yahoo.com,Madison Ave,2025-10-02
POS-00253,Susan Sanders,,comptonshelly@hotmail.com,Bleecker,2026-04-20
POS-00254,Jennifer Jones,,trussell@yahoo.com,SoHo,2025-04-21
POS-00255,Hannah Burton,(901) 282-1519,,Bleecker,2025-12-20
POS-00256,Hannah Burton,,karenwells@gmail.com,Bleecker,2026-02-11
POS-00257,Curtis Barton,,meredith27@gmail.com,SoHo,2025-01-27
POS-00258,Melissa Burke,,jfaulkner@hotmail.com,Bleecker,2024-03-04
POS-00259,Melissa Burke,(645) 860-6427,,Bleecker,2024-05-16
POS-00260,David Riggs,(244) 435-4463,paulscott@yahoo.com,SoHo,2024-04-13
POS-00261,Kimberly Reed,(277) 900-5593,,Madison Ave,2025-05-07
POS-00262,Ross Wood,(384) 522-1256,russojacob@hotmail.com,Bleecker,2025-08-06
POS-00263,Ross Wood,,timothybooth@yahoo.com,Bleecker,2025-10-28
POS-00264,William Peterson,(608) 278-5903,susan03@gmail.com,SoHo,2026-02-15
POS-00265,Melissa Short,,burgesskaren@gmail.com,Madison Ave,2024-06-21
POS-00266,Daniel Yu,(894) 753-6435,randyallen@yahoo.com,Madison Ave,2026-05-10
POS-00267,Cynthia Poole,(906) 941-2284,michael77@gmail.com,SoHo,2024-05-29
POS-00268,Jasmine Graham,(255) 300-8161,lawrence09@gmail.com,Bleecker,2026-02-08
POS-00269,Jessica Sheppard,,allentran@hotmail.com,Flatiron,2026-05-14
POS-00270,Jessica Sheppard,,mphillips@yahoo.com,Flatiron,2026-01-17
POS-00271,Joseph Morton,(850) 479-8381,,Madison Ave,2026-03-09
POS-00272,Amanda Webb,(767) 584-8075,,Madison Ave,2025-05-23
POS-00273,Ryan Simon,,jonathan77@yahoo.com,SoHo,2025-12-03
POS-00274,Joseph Christian,(834) 502-5037,,Flatiron,2025-01-30
POS-00275,Mariah Miller,(475) 357-7225,,Flatiron,2026-01-06
POS-00276,Nicole Sanchez,(358) 957-7383,jessicabell@gmail.com,Flatiron,2026-01-04
POS-00277,Nicholas Johnson,(206) 515-8286,,Bleecker,2025-01-10
POS-00278,Melissa White,(305) 335-2430,warrenmary@gmail.com,Madison Ave,2025-01-09
POS-00279,Matthew Beard,(771) 768-9395,carloshernandez@gmail.com,Flatiron,2025-03-23
POS-00280,Jacqueline Hill,(563) 767-2524,,Madison Ave,2024-04-21
POS-00281,Alejandro Vaughan,,nbrooks@hotmail.com,Madison Ave,2025-09-09
POS-00282,Christopher Cortez,(213) 498-7779,bhopkins@gmail.com,Flatiron,2024-12-04
POS-00283,Tracy Chang,(943) 772-4977,hsmith@hotmail.com,Flatiron,2025-02-07
POS-00284,Hannah Brewer,,amanda40@hotmail.com,Madison Ave,2025-08-14
POS-00285,Travis Mcguire,,ldrake@gmail.com,Madison Ave,2025-01-30
POS-00286,Christopher Walker,(705) 349-2036,,Bleecker,2024-10-08
POS-00287,Heather Torres,,warrenjohn@hotmail.com,Bleecker,2024-06-26
POS-00288,Bonnie Kennedy,(279) 569-5123,,SoHo,2025-03-13
POS-00289,Alyssa Coleman,(708) 808-4203,lisa46@gmail.com,Madison Ave,2024-09-15
POS-00290,Julie Rivera,(207) 605-6443,,Bleecker,2024-04-25
POS-00291,Julie Rivera,(538) 650-6484,kevinclayton@gmail.com,SoHo,2025-07-27
POS-00292,Jacqueline Nelson,(867) 808-3230,davisnicholas@hotmail.com,Madison Ave,2025-03-22
POS-00293,John Martinez,(912) 405-8848,,Flatiron,2024-11-09
POS-00294,James Wilson,(527) 498-9044,christopherbruce@hotmail.com,Bleecker,2024-07-06
POS-00295,Amanda Gill,(534) 585-5592,ariel18@gmail.com,Flatiron,2025-08-18
POS-00296,Jacob Robinson,(574) 316-4273,jasonparrish@hotmail.com,Flatiron,2026-04-22
POS-00297,Jacob Robinson,(987) 763-1440,,Flatiron,2025-11-04
POS-00298,Tiffany Warren,,rachel90@gmail.com,SoHo,2026-01-01
POS-00299,Justin Garcia,(910) 270-7703,alexis39@gmail.com,Flatiron,2026-04-02
POS-00300,Justin Garcia,(511) 447-5139,,Flatiron,2025-10-27
POS-00301,James Perez,(587) 275-8357,thickman@gmail.com,SoHo,2024-06-12
POS-00302,Harry Smith,,ashleyatkinson@hotmail.com,Madison Ave,2025-09-10
POS-00303,Amanda Hill,,patrick21@hotmail.com,Madison Ave,2025-02-20
POS-00304,Terri Tran,(757) 237-6890,brian63@gmail.com,Bleecker,2026-06-15
POS-00305,Heidi Martinez,(750) 808-2392,cassie99@yahoo.com,Bleecker,2025-12-25
POS-00306,Monique Andrews,(881) 563-3725,,Madison Ave,2026-03-04
POS-00307,Jack Williams,(861) 893-7547,,Bleecker,2025-09-25
POS-00308,Shelley Woods,(641) 308-1172,,Bleecker,2026-02-15
POS-00309,Shelley Woods,(723) 964-9499,,Bleecker,2026-04-11
POS-00310,Anna Torres,,gstewart@gmail.com,Flatiron,2025-08-18
POS-00311,Krystal Perez,(803) 907-9199,fgarcia@yahoo.com,SoHo,2025-04-25
POS-00312,Alexandra Hayes,(226) 694-2712,,Madison Ave,2024-06-09
POS-00313,Scott Dalton,,carlsonkristen@yahoo.com,Bleecker,2024-11-04
POS-00314,Veronica Torres,(948) 345-6707,ashleyjackson@yahoo.com,SoHo,2024-05-04
POS-00315,Christine Lynch,(412) 733-8912,,SoHo,2024-11-21
POS-00316,Jody Meza,,dominicturner@yahoo.com,Flatiron,2024-12-28
POS-00317,Donna Moore,(527) 268-5919,todd15@yahoo.com,Bleecker,2026-01-15
POS-00318,Glenn Jones,(318) 223-6620,jennifersimpson@hotmail.com,SoHo,2024-02-21
POS-00319,Aaron Hayes,(369) 958-4996,,Bleecker,2025-10-31
POS-00320,Brittney Carter,,stephentaylor@gmail.com,Flatiron,2025-06-18
POS-00321,Kristin Weber,(438) 614-4022,tamaranovak@yahoo.com,SoHo,2025-03-18
POS-00322,Donna Peck,,yfaulkner@gmail.com,Bleecker,2024-07-15
POS-00323,Ronald Stephens,,nicholas65@gmail.com,Madison Ave,2025-03-24
POS-00324,Deborah Kerr,,brittanygardner@hotmail.com,Madison Ave,2026-01-31
POS-00325,Debbie Kerr,,bentonsteven@hotmail.com,Madison Ave,2026-04-21
POS-00326,Margaret Jones,(486) 970-2025,,Bleecker,2025-12-28
POS-00327,Gabriel Parker,(750) 391-6993,,SoHo,2025-08-20
POS-00328,Kaitlyn Carroll,(317) 468-9019,,SoHo,2024-12-05
POS-00329,Keith Martinez,(812) 597-7431,samuelcarter@hotmail.com,Flatiron,2025-06-30
POS-00330,Sherri Mason,,ttaylor@gmail.com,Flatiron,2024-12-28
POS-00331,Troy Miller,,donna66@gmail.com,SoHo,2025-04-19
POS-00332,Bill Reynolds,(505) 829-2388,eewing@hotmail.com,Flatiron,2025-11-26
POS-00333,Will Reynolds,(388) 582-3316,,Madison Ave,2024-08-11
POS-00334,Marcus Wright,,sferguson@yahoo.com,SoHo,2025-06-13
POS-00335,Marcus Wright,,gibbsmichael@hotmail.com,Madison Ave,2024-03-18
POS-00336,Christopher Hayden,,gabriel90@hotmail.com,Flatiron,2024-07-15
POS-00337,Mary Johnston,(861) 377-3733,vrasmussen@yahoo.com,Flatiron,2025-07-10
POS-00338,Emily Adams,(662) 834-1878,,Madison Ave,2024-05-29
POS-00339,Emily Adams,(697) 339-4196,michaeljohnson@gmail.com,Madison Ave,2024-09-27
POS-00340,Sabrina White,,gbailey@yahoo.com,SoHo,2025-08-04
POS-00341,Brenda Walters,,tflores@gmail.com,Madison Ave,2025-05-27
POS-00342,Travis Davis,(928) 654-9006,johnsonmatthew@gmail.com,Madison Ave,2025-05-24
POS-00343,Michael Cook,,sarahyang@hotmail.com,Bleecker,2024-03-31
POS-00344,Elizabeth Hodge,(500) 233-5503,andrearivera@yahoo.com,Madison Ave,2026-03-31
POS-00345,Mark Steele,(373) 999-8492,zhall@hotmail.com,SoHo,2024-08-24
POS-00346,Keith Landry,(763) 723-2854,jacobsandoval@yahoo.com,Madison Ave,2026-02-05
POS-00347,Lisa Pierce,(757) 575-9880,,Bleecker,2024-05-02
POS-00348,Shawn Edwards,(760) 423-7965,tprice@gmail.com,Flatiron,2026-02-23
POS-00349,Marcus Cordova,,joshuapadilla@gmail.com,Flatiron,2026-01-29
POS-00350,Richard Robertson,(661) 469-6711,lloydamanda@yahoo.com,SoHo,2026-06-20
POS-00351,Vanessa Sandoval,(650) 320-4882,james14@hotmail.com,Bleecker,2026-06-07
POS-00352,Amy Gutierrez,(803) 905-6744,orose@yahoo.com,Flatiron,2024-08-08
POS-00353,Jacob Cox,(848) 638-3719,lcarr@gmail.com,Flatiron,2026-06-06
POS-00354,Katherine Garrett,(412) 411-1972,,Madison Ave,2025-09-28
POS-00355,Andrea Pennington,,samantha91@hotmail.com,SoHo,2024-12-31
POS-00356,Andrea Pennington,(921) 499-5740,,Flatiron,2026-03-28
POS-00357,Samuel Wolfe,(727) 895-2560,,Flatiron,2025-08-15
POS-00358,David Dudley,(622) 260-5543,lawrenceallen@gmail.com,SoHo,2024-05-24
POS-00359,Chelsea Allen,,nathanielthomas@yahoo.com,SoHo,2026-06-12
POS-00360,Andrea Davis,,olopez@hotmail.com,Bleecker,2024-05-21
POS-00361,Victoria Durham,(454) 979-7434,angelaburns@gmail.com,SoHo,2026-01-04
POS-00362,Marilyn Jimenez,,stephanie72@gmail.com,Flatiron,2025-08-20
POS-00363,Joshua Davenport,,fortiz@yahoo.com,Flatiron,2025-03-06
POS-00364,Natasha Shields,(728) 967-5558,,SoHo,2026-03-04
POS-00365,Joshua Tyler,(578) 665-8996,hdunn@hotmail.com,SoHo,2025-12-18
POS-00366,William Hoover,(951) 295-8511,,Madison Ave,2025-08-24
POS-00367,Justin Evans,,pgarcia@gmail.com,Flatiron,2026-03-31
POS-00368,Brenda Duarte,(417) 706-5399,nancy07@yahoo.com,Madison Ave,2024-08-17
POS-00369,Tracy Hernandez,(761) 791-3139,,Flatiron,2026-05-04
POS-00370,Andrea Daniels,(899) 980-1793,michelle96@gmail.com,Madison Ave,2025-05-17
POS-00371,Stanley Morris,,kristenli@gmail.com,Bleecker,2024-02-23
POS-00372,Jacob Terry,(217) 327-3588,amanda98@gmail.com,SoHo,2026-03-19
POS-00373,Ashley Hall,,tiffany44@hotmail.com,Flatiron,2025-04-02
POS-00374,Kimberly Williams,(906) 335-5945,,Flatiron,2025-03-20
POS-00375,Julie Thornton,(481) 295-6905,stephanie81@gmail.com,Madison Ave,2024-06-17
POS-00376,Lisa Hughes,(881) 864-3711,,Bleecker,2024-09-19
POS-00377,Elizabeth Hoover,(841) 512-4836,rsellers@hotmail.com,SoHo,2024-02-29
POS-00378,Liz Hoover,(689) 279-3174,,SoHo,2024-07-17
POS-00379,Tina Simpson,,jacquelineanderson@gmail.com,Bleecker,2025-12-03
POS-00380,Morgan Alexander,(633) 910-3165,powellkara@hotmail.com,Flatiron,2024-12-23
POS-00381,Diana Moore,,sreid@yahoo.com,Bleecker,2024-08-28
POS-00382,Terrance Costa,,flynnraymond@yahoo.com,Bleecker,2026-01-24
POS-00383,Matthew Schwartz,,troymorris@yahoo.com,SoHo,2024-11-22
POS-00384,Matt Schwartz,,amy29@yahoo.com,SoHo,2025-03-08
POS-00385,Debra Christian,,patricia00@gmail.com,Madison Ave,2024-03-17
POS-00386,Melissa Villarreal,(651) 559-4490,bsmith@gmail.com,Flatiron,2025-09-22
POS-00387,Norman Stewart,(622) 830-8248,nicoleturner@yahoo.com,Madison Ave,2025-10-11
POS-00388,Jennifer Malone,,penajohn@yahoo.com,Bleecker,2026-06-05
POS-00389,Monique Johnson,(327) 803-7291,,Madison Ave,2024-04-18
POS-00390,Casey Welch,(523) 343-5059,brettgarrett@hotmail.com,Flatiron,2024-12-31
POS-00391,Samantha Bright,(767) 815-5668,,Madison Ave,2025-10-28
POS-00392,Samantha Bright,(875) 508-4366,rubendavis@gmail.com,Madison Ave,2025-12-03
POS-00393,Julie Hamilton,,lewischristian@hotmail.com,Bleecker,2025-06-20
POS-00394,Corey Schultz,(503) 861-1894,lisa62@yahoo.com,Flatiron,2026-02-10
POS-00395,Heather Berger,,edwardsnicole@gmail.com,SoHo,2024-09-08
POS-00396,Brandon Flynn,(854) 808-2163,,Flatiron,2024-05-01
POS-00397,Brandon Flynn,(213) 569-6185,wayala@gmail.com,Flatiron,2024-10-13
POS-00398,Kelly Brooks,(783) 630-6986,scottbowen@hotmail.com,Flatiron,2025-02-06
POS-00399,Dustin Schmidt,(982) 682-2195,samanthajensen@yahoo.com,Flatiron,2025-07-19
POS-00400,Ashlee Sparks,,christophergarcia@gmail.com,Bleecker,2024-01-24
POS-00401,George Miller,(241) 261-7520,,Flatiron,2024-01-21
POS-00402,Monica Harvey,(930) 713-7806,,Bleecker,2025-06-08
POS-00403,John Durham,(285) 855-9791,bbell@yahoo.com,Flatiron,2025-03-15
POS-00404,Douglas Murray,(286) 517-2294,,Bleecker,2025-09-28
POS-00405,Albert Ballard,(360) 749-6353,kimberly04@gmail.com,Madison Ave,2024-08-02
POS-00406,Albert Ballard,,juliephillips@gmail.com,Madison Ave,2024-12-10
POS-00407,Rachel Byrd,,troyrodriguez@yahoo.com,SoHo,2026-02-26
POS-00408,Rachel Byrd,,ricetiffany@yahoo.com,Flatiron,2025-02-12
POS-00409,Eric Alexander,(289) 644-2900,,Flatiron,2024-09-07
POS-00410,Danielle Coleman,,kathrynbest@gmail.com,SoHo,2025-09-24
POS-00411,John Bruce,(874) 958-3877,matthewsalexander@gmail.com,Madison Ave,2024-11-18
POS-00412,James Cruz,(341) 918-1185,,SoHo,2024-05-08
POS-00413,James Cruz,(736) 729-5247,livingstonstacy@yahoo.com,Bleecker,2025-04-14
POS-00414,Victoria Phillips,(476) 950-2934,joshuacollins@hotmail.com,Bleecker,2024-05-15
POS-00415,Tiffany Barrett,,terrimoore@yahoo.com,Flatiron,2026-03-06
POS-00416,Joshua Knight,,wwillis@hotmail.com,Flatiron,2026-04-12
POS-00417,Gina Garner,(930) 790-2262,,SoHo,2025-06-26
POS-00418,Tyler Strong,,sanchezsandy@gmail.com,Flatiron,2025-04-17
POS-00419,Catherine Gomez,,davidzimmerman@hotmail.com,SoHo,2025-06-01
POS-00420,Dana Oliver,(306) 787-2889,,Bleecker,2024-06-16
POS-00421,Dana Oliver,(203) 245-1201,martinstephanie@hotmail.com,Bleecker,2024-09-12
POS-00422,Donna Massey,(573) 592-3458,wiseanthony@yahoo.com,Flatiron,2024-02-23
POS-00423,Courtney Berger,(932) 958-7870,,Bleecker,2026-06-03
POS-00424,Jessica Davis,,kvillarreal@yahoo.com,SoHo,2024-09-17
POS-00425,Kenneth Burgess,(478) 279-7108,jonathangarcia@hotmail.com,Flatiron,2026-01-13
POS-00426,Gregory Anderson,(254) 383-4656,perezwilliam@gmail.com,Flatiron,2025-06-04
POS-00427,Gregory Anderson,(611) 270-8620,sanchezthomas@yahoo.com,Flatiron,2025-11-13
POS-00428,Amber Mata,(519) 535-2415,,Flatiron,2026-06-11
POS-00429,Amber Mata,,haroldhorne@gmail.com,Flatiron,2025-12-22
POS-00430,Alyssa Mcintyre,,pwalker@yahoo.com,Bleecker,2024-10-31
POS-00431,Makayla Olson,,shawrachel@gmail.com,Madison Ave,2026-02-02
POS-00432,Lindsay Francis,(401) 950-9954,wileymichelle@yahoo.com,Bleecker,2025-01-18
POS-00433,Matthew Wilson,,christopher70@yahoo.com,SoHo,2026-04-01
POS-00434,Sydney Taylor,(225) 438-9872,kellymueller@hotmail.com,Madison Ave,2024-01-13
POS-00435,Tammy Dalton,,stevenvargas@yahoo.com,Flatiron,2024-12-26
POS-00436,Jennifer Whitney,(874) 585-6038,,Madison Ave,2024-12-15
POS-00437,Tammy Ballard,,adamortiz@gmail.com,Flatiron,2024-04-22
POS-00438,Michael Gibbs,,cynthia05@gmail.com,Madison Ave,2024-09-06
POS-00439,Alexander Herrera,(346) 928-5584,usweeney@yahoo.com,Bleecker,2024-03-08
POS-00440,Shawn Chambers,(438) 732-7767,,Flatiron,2024-04-11
POS-00441,Emily Richards,(670) 965-2391,harristonya@yahoo.com,Bleecker,2025-12-24
POS-00442,Lynn Bentley,(337) 852-7461,,Madison Ave,2025-08-23
POS-00443,Daniel Hall,,jwoodward@hotmail.com,Flatiron,2024-03-23
POS-00444,Angel Henson,,christopher38@yahoo.com,SoHo,2024-03-10
POS-00445,Anna Herman,(468) 522-7438,,SoHo,2024-05-19
POS-00446,Jeffrey Brown,,danafoster@hotmail.com,Flatiron,2024-11-27
POS-00447,Jeffrey Brown,(408) 339-2785,,Flatiron,2025-02-24
POS-00448,Madison Blankenship,,grahamtamara@gmail.com,Madison Ave,2024-06-14
POS-00449,Madison Blankenship,,jose56@hotmail.com,Madison Ave,2024-08-25
POS-00450,Kevin Vasquez,,danielcole@yahoo.com,SoHo,2026-03-05
POS-00451,Colton Clay,,wmartinez@gmail.com,Flatiron,2024-11-17
POS-00452,Derek Chavez,(362) 902-5984,,Madison Ave,2026-05-28
POS-00453,Ellen Paul,(536) 351-2494,,Madison Ave,2024-02-17
POS-00454,Sonya Barnes,(565) 605-9412,,Bleecker,2026-01-04
POS-00455,Julia Moore,(467) 378-1509,mooregina@hotmail.com,SoHo,2024-02-26
POS-00456,Robert Garcia,(770) 966-5093,lewismelissa@gmail.com,Bleecker,2025-02-24
POS-00457,Tracy Russell,(305) 343-2989,dawsontanya@yahoo.com,Madison Ave,2024-04-12
POS-00458,Stephanie Johnson,(428) 333-4246,byrdjorge@gmail.com,Flatiron,2024-03-10
POS-00459,Mitchell Ramos,,cranemelissa@hotmail.com,Madison Ave,2026-04-29
POS-00460,Stephanie Foley,,codygarcia@gmail.com,Madison Ave,2025-12-09
